author,title,description,url,urlToImage,publishedAt,content
Reuters,Morning Bid: Fed in a bind as consumers stay upbeat,"World markets wobbled on Tuesday, with benchmark bond yields and volatility gauges jumping to their highest in almost four weeks, as more evidence of the...",https://finance.yahoo.com/news/morning-bid-fed-bind-consumers-101751501.html,https://media.zenfs.com/en/reuters-finance.com/81e9c50afabda00ba5eaf9b521071951,2024-05-29T10:17:51Z,"A look at the day ahead in U.S. and global markets from Mike Dolan
World markets wobbled on Tuesday, with benchmark bond yields and volatility gauges jumping to their highest in almost four weeks, a… [+4715 chars]"
barrons.com,Nvidia Stock Slips. How It Could Overtake Apple's Market Capitalization,"Nvidia’s stock rally has lifted its market capitalization to $2.848 trillion and means it is closing in on Apple, the second-largest company in the U.S. market by value.#nvidia #apple",https://biztoc.com/x/d197c05439db73fd,https://c.biztoc.com/p/d197c05439db73fd/s.webp,2024-05-29T10:02:12Z,"Nvidias stock rally has lifted its market capitalization to $2.848 trillion and means it is closing in on Apple, the second-largest company in the U.S. market by value.
#nvidia#apple
This story app… [+22 chars]"
Jonathan Bell,Nothing's first limited edition smartphone is 'a story of colour',The Nothing Phone (2a) Special Edition gets back to basics with a simple primary colour scheme to accentuate Nothing’s different design approach,https://www.wallpaper.com/tech/nothings-first-limited-edition-smartphone-is-a-story-of-colour,https://cdn.mos.cms.futurecdn.net/bdXWAwrteF9X2UFB7rDtWL-1200-80.jpg,2024-05-29T10:00:00Z,"This is the Nothing Phone (2a) Special Edition, a bold addition to the London-based tech firm’s stable of smartphones. When we traced the Phone (2a)’s design journey back at the start of the year, it… [+2673 chars]"
MarketBeat News,IAG Wealth Partners LLC Reduces Stock Position in Apple Inc. (NASDAQ:AAPL),"IAG Wealth Partners LLC reduced its stake in Apple Inc. (NASDAQ:AAPL – Free Report) by 1.1% in the fourth quarter, Holdings Channel.com reports. The fund owned 6,205 shares of the iPhone maker’s stock after selling 72 shares during the period. IAG Wealth Part…",https://www.etfdailynews.com/2024/05/29/iag-wealth-partners-llc-reduces-stock-position-in-apple-inc-nasdaqaapl/,https://www.americanbankingnews.com/wp-content/timthumb/timthumb.php?src=https://www.marketbeat.com/logos/apple-inc-logo-1200x675.png&w=240&h=240&zc=2,2024-05-29T09:38:48Z,"IAG Wealth Partners LLC reduced its stake in Apple Inc. (NASDAQ:AAPL – Free Report) by 1.1% in the fourth quarter, Holdings Channel.com reports. The fund owned 6,205 shares of the iPhone maker’s stoc… [+7057 chars]"
MarketBeat News,Markel Group Inc. Increases Position in Apple Inc. (NASDAQ:AAPL),"Markel Group Inc. grew its stake in shares of Apple Inc. (NASDAQ:AAPL – Free Report) by 0.3% in the fourth quarter, according to its most recent filing with the SEC. The institutional investor owned 1,225,890 shares of the iPhone maker’s stock after purchasin…",https://www.etfdailynews.com/2024/05/29/markel-group-inc-increases-position-in-apple-inc-nasdaqaapl/,https://www.americanbankingnews.com/wp-content/timthumb/timthumb.php?src=https://www.marketbeat.com/logos/apple-inc-logo-1200x675.png&w=240&h=240&zc=2,2024-05-29T09:38:47Z,"Markel Group Inc. grew its stake in shares of Apple Inc. (NASDAQ:AAPL – Free Report) by 0.3% in the fourth quarter, according to its most recent filing with the SEC. The institutional investor owned … [+7466 chars]"
john-anthony.disotto@futurenet.com (John-Anthony Disotto),"Make Shazam work better — upgrade your iPhone's music discovery tool with quick launch, lyrics info, and song info all without opening the app",Take Shazam to the next level with this handy shortcut that makes using the music-finding app a breeze.,https://www.imore.com/iphone/make-shazam-work-better-upgrade-your-iphones-music-discovery-tool-with-quick-launch-lyrics-info-and-song-info-all-without-opening-the-app,https://cdn.mos.cms.futurecdn.net/fgf7hgsrCiNL8JPRMJcimH-1200-80.jpg,2024-05-29T09:28:01Z,"Shazam is one of the best iPhone apps and is used by millions of people around the world on a daily basis. The music app helps you find songs you hear in public places, allowing you to add them to yo… [+2212 chars]"
MarketBeat News,Apple Inc. (NASDAQ:AAPL) is Kovack Advisors Inc.’s 2nd Largest Position,"Kovack Advisors Inc. raised its holdings in shares of Apple Inc. (NASDAQ:AAPL – Free Report) by 5.0% in the 4th quarter, according to the company in its most recent disclosure with the Securities & Exchange Commission. The firm owned 195,259 shares of the iPh…",https://www.etfdailynews.com/2024/05/29/apple-inc-nasdaqaapl-is-kovack-advisors-inc-s-2nd-largest-position/,https://www.americanbankingnews.com/wp-content/timthumb/timthumb.php?src=https://www.marketbeat.com/logos/apple-inc-logo-1200x675.png&w=240&h=240&zc=2,2024-05-29T09:04:48Z,"Kovack Advisors Inc. raised its holdings in shares of Apple Inc. (NASDAQ:AAPL – Free Report) by 5.0% in the 4th quarter, according to the company in its most recent disclosure with the Securities &am… [+7087 chars]"
MarketBeat News,Apple Inc. (NASDAQ:AAPL) Stock Holdings Raised by Citizens Financial Group Inc. RI,"Citizens Financial Group Inc. RI grew its position in shares of Apple Inc. (NASDAQ:AAPL – Free Report) by 8.5% during the fourth quarter, HoldingsChannel reports. The institutional investor owned 518,173 shares of the iPhone maker’s stock after purchasing an …",https://www.etfdailynews.com/2024/05/29/apple-inc-nasdaqaapl-stock-holdings-raised-by-citizens-financial-group-inc-ri/,https://www.americanbankingnews.com/wp-content/timthumb/timthumb.php?src=https://www.marketbeat.com/logos/apple-inc-logo-1200x675.png&w=240&h=240&zc=2,2024-05-29T09:04:47Z,"Citizens Financial Group Inc. RI grew its position in shares of Apple Inc. (NASDAQ:AAPL – Free Report) by 8.5% during the fourth quarter, HoldingsChannel reports. The institutional investor owned 518… [+7504 chars]"
MarketBeat News,Apple Inc. (NASDAQ:AAPL) Stock Holdings Cut by Eos Management L.P.,"Eos Management L.P. trimmed its position in shares of Apple Inc. (NASDAQ:AAPL – Free Report) by 9.0% during the fourth quarter, according to its most recent filing with the Securities and Exchange Commission (SEC). The fund owned 89,094 shares of the iPhone m…",https://www.etfdailynews.com/2024/05/29/apple-inc-nasdaqaapl-stock-holdings-cut-by-eos-management-l-p/,https://www.americanbankingnews.com/wp-content/timthumb/timthumb.php?src=https://www.marketbeat.com/logos/apple-inc-logo-1200x675.png&w=240&h=240&zc=2,2024-05-29T09:04:47Z,"Eos Management L.P. trimmed its position in shares of Apple Inc. (NASDAQ:AAPL – Free Report) by 9.0% during the fourth quarter, according to its most recent filing with the Securities and Exchange Co… [+7378 chars]"
MarketBeat News,Spinnaker Trust Sells 274 Shares of Apple Inc. (NASDAQ:AAPL),"Spinnaker Trust decreased its position in Apple Inc. (NASDAQ:AAPL – Free Report) by 0.1% during the 4th quarter, according to its most recent disclosure with the SEC. The fund owned 212,502 shares of the iPhone maker’s stock after selling 274 shares during th…",https://www.etfdailynews.com/2024/05/29/spinnaker-trust-sells-274-shares-of-apple-inc-nasdaqaapl/,https://www.americanbankingnews.com/wp-content/timthumb/timthumb.php?src=https://www.marketbeat.com/logos/apple-inc-logo-1200x675.png&w=240&h=240&zc=2,2024-05-29T09:04:47Z,"Spinnaker Trust decreased its position in Apple Inc. (NASDAQ:AAPL – Free Report) by 0.1% during the 4th quarter, according to its most recent disclosure with the SEC. The fund owned 212,502 shares of… [+7297 chars]"
MarketBeat News,Apple Inc. (NASDAQ:AAPL) Shares Sold by Argonautica Private Wealth Management Inc.,"Argonautica Private Wealth Management Inc. lessened its holdings in shares of Apple Inc. (NASDAQ:AAPL – Free Report) by 8.0% in the fourth quarter, according to its most recent filing with the SEC. The firm owned 70,398 shares of the iPhone maker’s stock afte…",https://www.etfdailynews.com/2024/05/29/apple-inc-nasdaqaapl-shares-sold-by-argonautica-private-wealth-management-inc/,https://www.americanbankingnews.com/wp-content/timthumb/timthumb.php?src=https://www.marketbeat.com/logos/apple-inc-logo-1200x675.png&w=240&h=240&zc=2,2024-05-29T09:04:47Z,"Argonautica Private Wealth Management Inc. lessened its holdings in shares of Apple Inc. (NASDAQ:AAPL – Free Report) by 8.0% in the fourth quarter, according to its most recent filing with the SEC. T… [+7254 chars]"
MarketBeat News,Cornerstone Capital Inc. Sells 905 Shares of Apple Inc. (NASDAQ:AAPL),"Cornerstone Capital Inc. trimmed its holdings in shares of Apple Inc. (NASDAQ:AAPL – Free Report) by 1.7% in the fourth quarter, HoldingsChannel reports. The institutional investor owned 51,606 shares of the iPhone maker’s stock after selling 905 shares durin…",https://www.etfdailynews.com/2024/05/29/cornerstone-capital-inc-sells-905-shares-of-apple-inc-nasdaqaapl/,https://www.americanbankingnews.com/wp-content/timthumb/timthumb.php?src=https://www.marketbeat.com/logos/apple-inc-logo-1200x675.png&w=240&h=240&zc=2,2024-05-29T09:04:46Z,"Cornerstone Capital Inc. trimmed its holdings in shares of Apple Inc. (NASDAQ:AAPL – Free Report) by 1.7% in the fourth quarter, HoldingsChannel reports. The institutional investor owned 51,606 share… [+6952 chars]"
MarketBeat News,Apple Inc. (NASDAQ:AAPL) Holdings Increased by KFA Private Wealth Group LLC,"KFA Private Wealth Group LLC grew its stake in shares of Apple Inc. (NASDAQ:AAPL – Free Report) by 3.1% during the fourth quarter, according to its most recent filing with the Securities and Exchange Commission. The institutional investor owned 27,656 shares …",https://www.etfdailynews.com/2024/05/29/apple-inc-nasdaqaapl-holdings-increased-by-kfa-private-wealth-group-llc/,https://www.americanbankingnews.com/wp-content/timthumb/timthumb.php?src=https://www.marketbeat.com/logos/apple-inc-logo-1200x675.png&w=240&h=240&zc=2,2024-05-29T09:04:46Z,"KFA Private Wealth Group LLC grew its stake in shares of Apple Inc. (NASDAQ:AAPL – Free Report) by 3.1% during the fourth quarter, according to its most recent filing with the Securities and Exchange… [+7274 chars]"
MarketBeat News,Blodgett Wealth Advisors LLC Decreases Stock Position in Apple Inc. (NASDAQ:AAPL),"Blodgett Wealth Advisors LLC lowered its holdings in shares of Apple Inc. (NASDAQ:AAPL – Free Report) by 0.8% during the 4th quarter, according to the company in its most recent filing with the SEC. The fund owned 70,547 shares of the iPhone maker’s stock aft…",https://www.etfdailynews.com/2024/05/29/blodgett-wealth-advisors-llc-decreases-stock-position-in-apple-inc-nasdaqaapl/,https://www.americanbankingnews.com/wp-content/timthumb/timthumb.php?src=https://www.marketbeat.com/logos/apple-inc-logo-1200x675.png&w=240&h=240&zc=2,2024-05-29T09:04:46Z,"Blodgett Wealth Advisors LLC lowered its holdings in shares of Apple Inc. (NASDAQ:AAPL – Free Report) by 0.8% during the 4th quarter, according to the company in its most recent filing with the SEC. … [+7034 chars]"
MarketBeat News,Apple Inc. (NASDAQ:AAPL) Shares Acquired by Headlands Technologies LLC,"Headlands Technologies LLC raised its position in Apple Inc. (NASDAQ:AAPL – Free Report) by 589.0% during the fourth quarter, according to its most recent filing with the SEC. The firm owned 221,926 shares of the iPhone maker’s stock after purchasing an addit…",https://www.etfdailynews.com/2024/05/29/apple-inc-nasdaqaapl-shares-acquired-by-headlands-technologies-llc/,https://www.americanbankingnews.com/wp-content/timthumb/timthumb.php?src=https://www.marketbeat.com/logos/apple-inc-logo-1200x675.png&w=240&h=240&zc=2,2024-05-29T09:04:46Z,"Headlands Technologies LLC raised its position in Apple Inc. (NASDAQ:AAPL – Free Report) by 589.0% during the fourth quarter, according to its most recent filing with the SEC. The firm owned 221,926 … [+7064 chars]"
MarketBeat News,Darrow Company Inc. Acquires New Position in Apple Inc. (NASDAQ:AAPL),"Darrow Company Inc. bought a new position in Apple Inc. (NASDAQ:AAPL – Free Report) in the fourth quarter, according to the company in its most recent 13F filing with the SEC. The fund bought 2,219 shares of the iPhone maker’s stock, valued at approximately $…",https://www.etfdailynews.com/2024/05/29/darrow-company-inc-acquires-new-position-in-apple-inc-nasdaqaapl/,https://www.americanbankingnews.com/wp-content/timthumb/timthumb.php?src=https://www.marketbeat.com/logos/apple-inc-logo-1200x675.png&w=240&h=240&zc=2,2024-05-29T09:04:46Z,"Darrow Company Inc. bought a new position in Apple Inc. (NASDAQ:AAPL – Free Report) in the fourth quarter, according to the company in its most recent 13F filing with the SEC. The fund bought 2,219 s… [+7345 chars]"
MarketBeat News,Apple Inc. (NASDAQ:AAPL) Shares Sold by Boyd Watterson Asset Management LLC OH,"Boyd Watterson Asset Management LLC OH lowered its holdings in shares of Apple Inc. (NASDAQ:AAPL – Free Report) by 0.7% in the fourth quarter, according to the company in its most recent filing with the Securities and Exchange Commission (SEC). The firm owned…",https://www.etfdailynews.com/2024/05/29/apple-inc-nasdaqaapl-shares-sold-by-boyd-watterson-asset-management-llc-oh/,https://www.americanbankingnews.com/wp-content/timthumb/timthumb.php?src=https://www.marketbeat.com/logos/apple-inc-logo-1200x675.png&w=240&h=240&zc=2,2024-05-29T08:18:42Z,"Boyd Watterson Asset Management LLC OH lowered its holdings in shares of Apple Inc. (NASDAQ:AAPL – Free Report) by 0.7% in the fourth quarter, according to the company in its most recent filing with … [+7343 chars]"
MarketBeat News,Bahl & Gaynor Inc. Decreases Stock Position in Apple Inc. (NASDAQ:AAPL),"Bahl & Gaynor Inc. reduced its position in Apple Inc. (NASDAQ:AAPL – Free Report) by 1.2% in the fourth quarter, according to the company in its most recent filing with the Securities and Exchange Commission (SEC). The fund owned 872,488 shares of the iPhone …",https://www.etfdailynews.com/2024/05/29/bahl-gaynor-inc-decreases-stock-position-in-apple-inc-nasdaqaapl/,https://www.americanbankingnews.com/wp-content/timthumb/timthumb.php?src=https://www.marketbeat.com/logos/apple-inc-logo-1200x675.png&w=240&h=240&zc=2,2024-05-29T08:18:41Z,"Bahl &amp; Gaynor Inc. reduced its position in Apple Inc. (NASDAQ:AAPL – Free Report) by 1.2% in the fourth quarter, according to the company in its most recent filing with the Securities and Exchang… [+6810 chars]"
Roxane Nojac,Taiwan & TSMC: Linked fate,"(marketscreener.com) Taiwan's stock market is doing very well. With the exception of the Nasdaq, it is outperforming its major global peers, be they American, Chinese or European, with TSMC as a main engine. https://www.marketscreener.com/news/latest/Taiwan-T…",https://www.marketscreener.com/news/latest/Taiwan-TSMC-Linked-fate-46849351/,https://www.zonebourse.com/images/ImagesTagged/zbimg_3178447_800.png,2024-05-29T08:07:34Z,"Since the artificial intelligence craze invaded the markets, Taipei has been experiencing a massive and unusual influx of capital. Eager to capitalize on the strength and prospects of Taiwan Semicond… [+1575 chars]"
Adam Oram,Memorial Day Sales Aren't Over Yet: This Could Be the Final Day for These Huge Discounts - CNET,"We're approaching the end of the Memorial Day sales, so act fast to save big.",https://www.cnet.com/deals/best-memorial-day-sales-2024-05-29/,https://www.cnet.com/a/img/resize/b2252f5677e77b9e0eb7dd3829d7cc6d77ca3af6/hub/2024/05/22/d0511dd0-2137-4eaf-823f-8e6a76d2575c/memorial-day.png?auto=webp&fit=crop&height=675&width=1200,2024-05-29T08:02:00Z,"While Memorial Day might be over, that doesn't mean the deals are all over, at least not quite yet. That's because you can still get some pretty decent discounts on everything from TVs and smart home… [+50629 chars]"
Nick Cawley,Market Latest – Nvidia (NVDA) Surge Helps the Nasdaq 100 Post a Fresh Record High,"AI mega-stock Nvidia leapt by 7% in US trade, helping push the Nasdaq 100 to a fresh record closing high. The US dollar remains subdued ahead of Friday’s US inflation release.",https://www.dailyfx.com/news/market-latest-nvidia-nvda-surge-helps-the-nasdaq-100-post-a-fresh-record-high-20240529.html,https://a.c-dn.net/b/1TUQqX/bullish+chart.png,2024-05-29T07:59:44Z,"Nvidia (NVDA), Nasdaq 100, US Dollar Charts and Analysis
<ul><li>Nvidia now worth USD2.8 trillion after latest rally.</li><li>US dollar and gold tread water ahead of Fridays Core PCE release.</li></… [+2575 chars]"
MarketBeat News,Hyatt Hotels Co. (NYSE:H) Given Average Rating of “Hold” by Analysts,"Shares of Hyatt Hotels Co. (NYSE:H – Get Free Report) have been assigned an average rating of “Hold” from the sixteen analysts that are currently covering the stock, Marketbeat.com reports. Ten research analysts have rated the stock with a hold recommendation…",https://www.etfdailynews.com/2024/05/29/hyatt-hotels-co-nyseh-given-average-rating-of-hold-by-analysts/,https://www.americanbankingnews.com/wp-content/timthumb/timthumb.php?src=https://www.marketbeat.com/logos/hyatt-hotels-co-logo-1200x675.png?v=20221109133308&w=240&h=240&zc=2,2024-05-29T07:24:42Z,"Shares of Hyatt Hotels Co. (NYSE:H – Get Free Report) have been assigned an average rating of “Hold” from the sixteen analysts that are currently covering the stock, Marketbeat.com reports. Ten resea… [+6071 chars]"
Reuters,AI darling Nvidia's market value surges closer to Apple,"Nvidia's shares surged 6% to a record high, nearing Apple's market value of $2.9 trillion. The AI chipmaker's stock hit $1,128, up 8% during the session, driven by strong second-quarter revenue forecasts and a stock split.",https://economictimes.indiatimes.com/markets/stocks/news/ai-darling-nvidias-market-value-surges-closer-to-apple/articleshow/110517976.cms,"https://img.etimg.com/thumb/msid-110518069,width-1200,height-630,imgsize-102804,overlay-etmarkets/photo.jpg",2024-05-29T03:00:36Z,"Nvidia's shares rallied around 6% to hit a record high on Tuesday, leaving the AI chipmaker's stock market value about $100 billion away from overtaking Apple in a major reshuffle of Wall street's bi… [+2516 chars]"
Mitchell Lawler,Record highs! Is it too late to buy the Nasdaq 100 (NDQ) ETF on the ASX?,"AI mania is taking the tech-centric index to new heights. Should investors hold off on buying into the local Nasdaq ETF?
The post Record highs! Is it too late to buy the Nasdaq 100 (NDQ) ETF on the ASX? appeared first on The Motley Fool Australia.",https://www.fool.com.au/2024/05/29/record-highs-is-it-too-late-to-buy-the-nasdaq-100-ndq-etf-on-the-asx/,https://www.fool.com.au/wp-content/uploads/2023/09/top-10-1200x675.jpg,2024-05-29T02:31:23Z,"While we were asleep last night, a momentous milestone occurred at the other end of the planet. 
Wall Street's tech cathedral, the Nasdaq Composite Index (NASDAQ: .IXIC), firmly planted its flag bey… [+2258 chars]"
japantimes.co.jp,AI darling Nvidia's market value surges closer to Apple,"Nvidia's shares rallied around 6% to hit a record high on Tuesday, leaving the AI chipmaker's stock market value about $100 billion away from overtaking Apple in a major reshuffle of Wall Street's biggest players. Last trading at $1,128, Nvidia's market capit…",https://biztoc.com/x/9166df07b1f82963,https://c.biztoc.com/p/9166df07b1f82963/s.webp,2024-05-29T02:06:09Z,"Nvidia's shares rallied around 6% to hit a record high on Tuesday, leaving the AI chipmaker's stock market value about $100 billion away from overtaking Apple in a major reshuffle of Wall Street's bi… [+227 chars]"
TipRanks,"At 67x Earnings, Chipotle Stock (NYSE:CMG) Is a Market Anomaly","Chipotle Mexican Grill (NYSE:CMG) owns and operates over 3,400 Mexican restaurants across five different countries. Investors have bid up its shares to 67x...",https://finance.yahoo.com/news/67x-earnings-chipotle-stock-nyse-015110770.html,https://media.zenfs.com/en/tipranks_452/58a6c7deff6a17ff0f140f565f3ea032,2024-05-29T01:51:10Z,"Chipotle Mexican Grill (NYSE:CMG) owns and operates over 3,400 Mexican restaurants across five different countries. Investors have bid up its shares to 67x earnings, touting the companys growth, driv… [+5209 chars]"
tipranks.com,Gains as iPhone Shipments Soar in China - TipRanks.com,"Apple (NASDAQ:AAPL) stock was trading 2.4% higher at the time of writing. The upside comes after AAPL witnessed a significant rebound in China, with iPhone shipments jumping 52% year-over-year in April, according to Bloomberg. This marks two consecutive month…",https://biztoc.com/x/045ffbea4c7388e2,https://c.biztoc.com/p/045ffbea4c7388e2/og.webp,2024-05-29T01:30:06Z,"Apple (NASDAQ:AAPL) stock was trading 2.4% higher at the time of writing. The upside comes after AAPL witnessed a significant rebound in China, with iPhone shipments jumping 52% year-over-year in Apr… [+272 chars]"
Reuters,"Nasdaq closes above 17,000; S&P 500 slightly higher, Dow down","Nasdaq crossed 17,000 for the first time boosted by Nvidia, while S&P 500 closed higher and Dow lower as Treasury yields rose.",https://economictimes.indiatimes.com/markets/stocks/news/nasdaq-closes-above-17000-sp-500-slightly-higher-dow-down/articleshow/110516640.cms,"https://img.etimg.com/thumb/msid-110516654,width-1200,height-630,imgsize-170576,overlay-etmarkets/photo.jpg",2024-05-29T01:29:47Z,"The Nasdaq crossed 17,000 for the first time ever on Tuesday, boosted by gains in Nvidia, while the S&amp;P 500 closed barely higher and the Dow ended lower as Treasury yields rose.Nvidia jumped 7% a… [+3090 chars]"
finance.yahoo.com,First Solar Stock (NASDAQ:FSLR): Cheaply Valued and Benefiting from AI,"First Solar (NASDAQ:FSLR), a global solar energy solutions provider headquartered in Arizona, is a cheaply valued AI beneficiary that had been ignored by the market until recently. FSLR stock soared more than 30% between May 20 and 22 based on two pieces of n…",https://biztoc.com/x/f0aacf9e35d1ecd2,https://c.biztoc.com/p/f0aacf9e35d1ecd2/s.webp,2024-05-29T01:08:05Z,"First Solar (NASDAQ:FSLR), a global solar energy solutions provider headquartered in Arizona, is a cheaply valued AI beneficiary that had been ignored by the market until recently. FSLR stock soared … [+277 chars]"
Oliver Haslam,"Best Apple Memorial Day Sales: You Can Still Score Savings on iPads, Macs, AirPods and More - CNET",Grab these popular devices before these deals disappear.,https://www.cnet.com/deals/best-apple-memorial-day-sales-2024-05-28/,https://www.cnet.com/a/img/resize/adc47a1f7daf76132323ac1e6ce799af1b5c1eaa/hub/2024/05/23/5b0b434c-60c6-4176-a8aa-82e12fe7bf4c/apple-memorial-day-deals.jpg?auto=webp&fit=crop&height=675&width=1200,2024-05-28T22:45:00Z,"Memorial Day has come and gone, but if you've been debating when to splurge on new Apple products, now is as good a time as any. Apple itself may not have the price cuts you're looking for, but other… [+2472 chars]"
Bloomberg News,Asian Stocks to Trend Lower After Treasuries Drop: Markets Wrap,"Stocks in Asia were mostly set to decline after a US session dominated by a sell-off in bonds, with traders also weighing mixed economic data and remarks from Federal Reserve speakers for clues on the policy outlook.",https://financialpost.com/pmn/business-pmn/asian-stocks-to-trend-lower-after-treasuries-drop-markets-wrap,https://smartcdn.gprod.postmedia.digital/financialpost/wp-content/uploads/2024/05/us-core-inflation-seen-cooling-a-touch-feds-preferred-gauge.jpg,2024-05-28T22:38:05Z,"Stocks in Asia were mostly set to decline after a US session dominated by a sell-off in bonds, with traders also weighing mixed economic data and remarks from Federal Reserve speakers for clues on th… [+8742 chars]"
Zaheer Kachwala,AI darling Nvidia's market value surges closer to Apple,"Nvidia's shares rallied around 6% to hit a record high on Tuesday, leaving the AI chipmaker's stock market value about $100 billion away from overtaking Apple in a major reshuffle of Wall Street's biggest players.",https://www.japantimes.co.jp/business/2024/05/29/companies/ai-nvidia-value-apple/,https://www.japantimes.co.jp/japantimes/uploads/images/2024/05/29/399748.JPG,2024-05-28T22:38:00Z,"Nvidia's shares rallied around 6% to hit a record high on Tuesday, leaving the AI chipmaker's stock market value about $100 billion away from overtaking Apple in a major reshuffle of Wall Street's bi… [+357 chars]"
finance.yahoo.com,Stock market today: Nasdaq hits record ahead of new inflation data,None The Nasdaq hit a record in early trading on Tuesday while other indexes were mixed. • None Markets will also digest housing data and revised GDP numbers for the first quarter. Stocks were mixed on Tuesday with the Nasdaq hitting records in early trading …,https://biztoc.com/x/ff2b2ddb46a97be2,https://c.biztoc.com/p/ff2b2ddb46a97be2/s.webp,2024-05-28T22:34:05Z,None The Nasdaq hit a record in early trading on Tuesday while other indexes were mixed.None Markets will also digest housing data and revised GDP numbers for the first quarter.Stocks were mixed on T… [+300 chars]
finance.yahoo.com,These 5 Artificial Intelligence (AI) Stocks Make Up 27.3% of the Entire S&P 500 Index,"The S&P 500 (SNPINDEX: ^GSPC) is composed of 500 stocks from 11 different sectors, including information technology, energy, financials, and real estate. While it is the most diversified of the major U.S. stock market indexes, a select few technology stocks a…",https://biztoc.com/x/43cf64505435529d,https://c.biztoc.com/p/43cf64505435529d/s.webp,2024-05-28T22:20:06Z,"The S&amp;P 500 (SNPINDEX: ^GSPC) is composed of 500 stocks from 11 different sectors, including information technology, energy, financials, and real estate. While it is the most diversified of the m… [+278 chars]"
Reuters,Musk offers factory tours to investors as he seeks support for his pay package,Musk offers factory tours to investors as he seeks support for his pay package,https://www.investing.com/news/stock-market-news/musk-offers-factory-tours-to-investors-as-he-seeks-support-for-his-pay-package-3459990,https://i-invdn-com.investing.com/news/LYNXMPEA6606G_L.jpg,2024-05-28T21:46:29Z,"By Hyunjoo Jin
SAN FRANCISCO (Reuters) - Elon Musk is offering factory tours to 15 Tesla (NASDAQ:TSLA) shareholders who vote on his $56 billion pay package at the upcoming meeting, the latest effort… [+2148 chars]"
MacDailyNews,Nvidia’s market value surges closer to Apple,"Nvidia's shares rallied around 6% to hit a record high on Tuesday, leaving the AI chipmaker's stock market value about $100 billion away…
The post Nvidia’s market value surges closer to Apple appeared first on MacDailyNews.",https://macdailynews.com/2024/05/28/nvidias-market-value-surges-closer-to-apple/,https://149359564.v2.pressablecdn.com/wp-content/uploads/2021/12/211207_stock_chart.png,2024-05-28T21:16:41Z,"Nvidia’s shares rallied around 6% to hit a record high on Tuesday, leaving the AI chipmaker’s stock market value about $100 billion away from overtaking Apple in a significant reshuffling of Wall Str… [+1615 chars]"
luke.hughes@futurenet.com (Luke Hughes),"Nvidia CEO net worth soars to new high — but Jensen Huang is still some way behind Bill Gates, Jeff Bezos and Elon Musk","Huang claims his company is ‘shaking up computing’, but capitalism, clearly, is going as planned.",https://www.techradar.com/pro/nvidia-ceo-net-worth-soars-to-new-high-but-jensen-huang-is-still-some-way-behind-bill-gates-jeff-bezos-and-elon-musk,https://cdn.mos.cms.futurecdn.net/m3ESE7Xy2s54PQtLswoLgn-1200-80.jpg,2024-05-28T21:16:00Z,"In terrific news for brand defenders everywhere, Jensen Huang, Chief Executive Officer (CEO) of computer hardware manufacturer Nvidia, has seen his net worth spiral from $3 billion to $90 billion ove… [+1918 chars]"
investorplace.com,"If You Can Only Buy One Penny Stock in May, It Better Be One of These 3 Names",Here are just a few top penny stocks to buy and hold long term Penny stocks carry a great deal of risk. It’s why investors are often told to steer clear of them. Many penny stocks typically trade over the counter and rarely on a major exchange. And about 90% …,https://biztoc.com/x/17a14eb6696c6802,https://c.biztoc.com/p/17a14eb6696c6802/s.webp,2024-05-28T21:00:09Z,Here are just a few top penny stocks to buy and hold long termPenny stocks carry a great deal of risk. Its why investors are often told to steer clear of them.Many penny stocks typically trade over t… [+293 chars]
finance.yahoo.com,"Stock market today: Nvidia, Nasdaq reach record highs as AI rally continues","The tech-heavy Nasdaq Composite (^IXIC) reached a new high on Tuesday, breaching 17,000 for the first time as AI darling Nvidia (NVDA) continued its post-earnings tear to also reach a record of $1,140 a share. The benchmark S&P 500 (^GSPC) finished the day ju…",https://biztoc.com/x/1852a4da474452c0,https://c.biztoc.com/p/1852a4da474452c0/og.webp,2024-05-28T20:50:07Z,"The tech-heavy Nasdaq Composite (^IXIC) reached a new high on Tuesday, breaching 17,000 for the first time as AI darling Nvidia (NVDA) continued its post-earnings tear to also reach a record of $1,14… [+296 chars]"
Lindsay Landis,"Classic Strawberry Jam, 3 Ways (Old Fashioned, Regular Pectin, and Low-Sugar Pectin)","Homemade strawberry jam is perfect in its simplicity, bright and sweet and bursting with strawberry flavor, no matter if you water-bath process it for shelf stable storage, refrigerate or freeze it, or eat it straight out of the jar with a spoon. This post is…",https://www.loveandoliveoil.com/2024/05/classic-strawberry-jam-3-ways.html,https://www.loveandoliveoil.com/wp-content/uploads/2024/05/classic-strawberry-jam-FEAT.jpg,2024-05-28T20:45:19Z,"Homemade strawberry jam is perfect in its simplicity, bright and sweet and bursting with strawberry flavor, no matter if you water-bath process it for shelf stable storage, refrigerate or freeze it, … [+30762 chars]"
Devra First,"In Boston, omakase is having a moment","As sushi tasting menus gain popularity, more chefs are opening restaurants specializing in the format.",https://www.bostonglobe.com/2024/05/28/lifestyle/omakase-boston-sushi-restaurants/,https://bostonglobe-prod.cdn.arcpublishing.com/resizer/zbWFUqS_A0LAGT8tEqai_-kDAvs=/506x0/cloudfront-us-east-1.images.arcpublishing.com/bostonglobe/OJXALLQQBOF2ZKV5JZQAFLZZLM.jpg,2024-05-28T20:44:21Z,"This evening the meal begins with kegani, horsehair crab from Hokkaido, served with caviar, wobbly jelly made from the stock dashi, and its own rich tomalley, in a white, shell-shaped dish traced wit… [+11099 chars]"
Reuters,AI darling Nvidia’s market value surges closer to Apple,"Nvidia's shares rallied around 6% to hit a record high on Tuesday, leaving the AI chipmaker's stock market value about $100 billion away from overtaking Apple in a major reshuffle of Wall Street's biggest players.",https://nypost.com/2024/05/28/business/ai-darling-nvidias-market-value-surges-closer-to-apple/,https://nypost.com/wp-content/uploads/sites/2/2024/05/newspress-collage-b8noi2o2v-1716928956252.jpg?quality=75&strip=all&1716914563&w=1024,2024-05-28T20:43:38Z,"Nvidia’s shares rallied around 6% to hit a record high on Tuesday, leaving the AI chipmaker’s stock market value about $100 billion away from overtaking Apple in a major reshuffle of Wall Street’s bi… [+2817 chars]"
investing.com,"Stock Market Today: Nasdaq closes above 17,000 for first time as Nvidia shines By","Investing.com -- The Nasdaq closed above 17,000 for the first time ever Tuesday, underpinned by a surge in Nvidia amid ongoing AI-led optimism. At 16:00 ET (20:00 GMT), rose 0.6% to close at a record of 17,019.88, the fell 216 points, or 0.6%, while rose 0.1%…",https://biztoc.com/x/3265c0dc77da9f5f,https://c.biztoc.com/p/3265c0dc77da9f5f/s.webp,2024-05-28T20:32:05Z,"Investing.com -- The Nasdaq closed above 17,000 for the first time ever Tuesday, underpinned by a surge in Nvidia amid ongoing AI-led optimism.At 16:00 ET (20:00 GMT), rose 0.6% to close at a record … [+300 chars]"
"Derek Saul, Forbes Staff, 
 Derek Saul, Forbes Staff
 https://www.forbes.com/sites/dereksaul/",Nvidia CEO Huang Briefly A $100 Billion Man As AI Firm Closes In On Apple,"Following its $600 billion explosion over the last month, Nvidia’s market capitalization is within $110 billion of Apple’s to become the second-biggest company in the world.",https://www.forbes.com/sites/dereksaul/2024/05/28/nvidia-ceo-huang-briefly-a-100-billion-man-as-ai-firm-closes-in-on-apple/,"https://imageio.forbes.com/specials-images/imageserve/6656385d68f31d3b932989e3/0x0.jpg?format=jpg&crop=3173,1786,x0,y56,safe&height=900&width=1600&fit=bounds",2024-05-28T20:29:30Z,"Nvidia stocks rally to yet another major milestone Tuesday made its CEO Jensen Huang a centibillionaire for part of Tuesday afternoon, as the artificial intelligence technology architect closes in on… [+3121 chars]"
finance.yahoo.com,"Stock market today: Nvidia, Nasdaq reach record highs as AI rally continues","The tech-heavy Nasdaq Composite (^IXIC) reached a new high on Tuesday, breaching 17,000 for the first time as AI darling Nvidia (NVDA) continued its post-earnings tear to also reach a record of $1,140 a share. The benchmark S&P 500 (^GSPC) finished the day ju…",https://biztoc.com/x/8ef5736b9951e74c,https://c.biztoc.com/p/8ef5736b9951e74c/s.webp,2024-05-28T20:14:06Z,"The tech-heavy Nasdaq Composite (^IXIC) reached a new high on Tuesday, breaching 17,000 for the first time as AI darling Nvidia (NVDA) continued its post-earnings tear to also reach a record of $1,14… [+296 chars]"
P.J. McCormick,Save up to 40% off AA and AAA Energizer Batteries today on Amazon,A deal to get charged up about!,https://nypost.com/2024/05/28/shopping/energizer-aa-and-aaa-batteries-are-up-to-40-off-on-amazon/,https://nypost.com/wp-content/uploads/sites/2/2024/05/aaafeat.jpg?quality=75&strip=all&w=1024,2024-05-28T19:38:28Z,"New York Post may be compensated and/or receive an affiliate commission if you buy through our links.
It’s human to forget about the little things. 
If we didn’t, we wouldn’t be constantly reminded… [+2038 chars]"
Reuters,AI darling Nvidia's market value surges closer to Apple,AI darling Nvidia's market value surges closer to Apple,https://www.investing.com/news/stock-market-news/ai-darling-nvidias-market-value-surges-closer-to-apple-3459652,https://i-invdn-com.investing.com/news/LYNXMPEB440WA_L.jpg,2024-05-28T19:25:40Z,"By Zaheer Kachwala
(Reuters) - Nvidia (NASDAQ:NVDA)'s shares rallied around 6% to hit a record high on Tuesday, leaving the AI chipmaker's stock market value about $100 billion away from overtaking … [+2597 chars]"
Zaheer Kachwala,AI darling Nvidia's market value surges closer to Apple,"Nvidia's shares rallied around 6% to hit a record high on Tuesday, leaving the AI chipmaker's stock market value about $100 billion away from overtaking...",https://finance.yahoo.com/news/ai-darling-nvidias-market-value-191307625.html,https://media.zenfs.com/en/reuters-finance.com/b36108250fcb575fed3e6fd0ea486b1f,2024-05-28T19:13:07Z,"By Zaheer Kachwala
(Reuters) - Nvidia's shares rallied around 6% to hit a record high on Tuesday, leaving the AI chipmaker's stock market value about $100 billion away from overtaking Apple in a maj… [+2640 chars]"
"Rashi Shrivastava, Forbes Staff, 
 Rashi Shrivastava, Forbes Staff
 https://www.forbes.com/sites/rashishrivastava/",The Prompt: Google’s AI Suggested Adding Glue To Pizza,Plus: OpenAI is already training its next model.,https://www.forbes.com/sites/rashishrivastava/2024/05/28/the-prompt-googles-ai-suggested-adding-glue-to-pizza/,"https://imageio.forbes.com/specials-images/imageserve/6656287be34edaf1424fc490/0x0.jpg?format=jpg&crop=960,540,x0,y49,safe&height=900&width=1600&fit=bounds",2024-05-28T18:59:21Z,"The Prompt is a weekly rundown of AIs buzziest startups, biggest breakthroughs, and business deals. To get it in your inbox, subscribe here.
Welcome back to The Prompt.
Today, OpenAI announced that… [+6781 chars]"
Daniel Miessler,UL NO. 434: Can You Articulate Yourself in 50 Words?,"NetworkChuck's Fabric Video, Algorithms Replace Degrees, AI Transparency, New Grad Difficulty, Windows Goes Full AI, and more…",https://danielmiessler.com/p/ul-434,https://beehiiv-images-production.s3.amazonaws.com/uploads/asset/file/3fe82512-2cd4-426f-9d2b-e93cb1a4029e/434.png?t=1716496476,2024-05-28T18:16:57Z,"Continue reading online to avoid the email cutoff issue
SECURITY | AI | MEANING :: Unsupervised Learning is a website, newsletter, and podcast about how to survive and thrive as humans in a post-AI … [+17506 chars]"
investors.com,Nvidia Stock Eyes These Milestones After AI Leader Surges Above 1000,"continues to skyrocket, surging last week above the 1,000 level for the first time last week. Its market cap raced past $2.5 trillion, less than a year after reaching the $1 trillion mark. Shares are still rising Tuesday. With the artificial intelligence lead…",https://biztoc.com/x/c638f965c37da334,https://c.biztoc.com/p/c638f965c37da334/og.webp,2024-05-28T18:16:09Z,"continues to skyrocket, surging last week above the 1,000 level for the first time last week. Its market cap raced past $2.5 trillion, less than a year after reaching the $1 trillion mark. Shares are… [+288 chars]"
finance.yahoo.com,Stock market today: Stocks mixed as focus turns to inflation data,"US stocks were mixed in afternoon trading on Tuesday, with techs serving as a bright spot while Wall Street kicked off a holiday-shortened week by focusing on a coming inflation report watched closely by the Federal Reserve. The benchmark S&P 500 (^GSPC) hugg…",https://biztoc.com/x/7a8e423ced90ba6d,https://c.biztoc.com/p/7a8e423ced90ba6d/s.webp,2024-05-28T18:08:04Z,"US stocks were mixed in afternoon trading on Tuesday, with techs serving as a bright spot while Wall Street kicked off a holiday-shortened week by focusing on a coming inflation report watched closel… [+290 chars]"
bradypsnyder@gmail.com (Brady Snyder),"Annual Wear OS version upgrades will make each one a lot more boring, and that's okay","Samsung could release a Wear OS 5 beta soon, and it got me thinking about how much less exciting Wear OS updates will be moving forward.",https://www.androidcentral.com/wearables/wear-os-5-beta-imminent-signals-boring-yearly-releases,https://cdn.mos.cms.futurecdn.net/KMzN7iY7rxuGGoswFWw5xQ-1200-80.jpg,2024-05-28T18:01:58Z,"What you need to know
<ul><li>Google confirmed that Wear OS 5 is coming with a developer session at Google I/O earlier this month.</li><li>Wear OS releases, which are built in a collaboration betwee… [+5815 chars]"
thedailyupside.com,Midday Market Brief: The Nasdaq Touches a New High,"Hello, and welcome to the inaugural edition of The Daily Upside’s Midday Market Brief. The idea here is simple: a quick but comprehensive snapshot of the day’s market somewhere close to the halfway point of the trading session. We don’t quite have a motto yet…",https://biztoc.com/x/5264621f1d5d63dd,https://c.biztoc.com/p/5264621f1d5d63dd/s.webp,2024-05-28T17:12:13Z,"Hello, and welcome to the inaugural edition of The Daily Upsides Midday Market Brief.The idea here is simple: a quick but comprehensive snapshot of the days market somewhere close to the halfway poin… [+297 chars]"
Aashna Gheewalla,"Best Memorial Day Walmart Sales: Save Today on Tech, TVs, Home and More - CNET","Walmart still has major Memorial Day discounts on top brands like Apple, Samsung, LG, KitchenAid, Sony and Nintendo.",https://www.cnet.com/deals/best-memorial-day-walmart-sales-save-today-on-tech-tvs-home-and-more/,https://www.cnet.com/a/img/resize/242463f6d79f2def080876eacd72353e90c02530/hub/2024/05/22/ef261ab7-cbe4-4e08-bd91-8b44722c945f/2022-apple-10-9-inch-ipad-air-md.png?auto=webp&fit=crop&height=675&width=1200,2024-05-28T17:09:00Z,"The Samsung Frame TV is now discounted at Walmart.
Samsung/CNET
If you forgot to shop this weekend, then don't worry. Major retailers, like Walmart, are winding down their Memorial Day sales events… [+2640 chars]"
Nadine DeNinno,Meet the best-dressed man on Wall Street,"Globally-known tech analyst Dan Ives has become a fashion legend. He's stopped all around the world, recognized for his financial know-how — as well as his eye-popping fashion.",https://nypost.com/2024/05/28/lifestyle/meet-the-best-dressed-man-on-wall-street/,https://nypost.com/wp-content/uploads/sites/2/2024/05/best-dressed-man-wall-street-81430473.jpg?quality=75&strip=all&w=1024,2024-05-28T17:01:01Z,"On Wall Street, where pressed collars, Patagonia vests and brown loafers reign supreme, Wedbush Securities Dan Ives stands out.
While some may still imagine FiDis best-dressed as a Gucci-clad Gordon… [+7905 chars]"
thedailyupside.com,Midday Market Brief: The Nasdaq Touches a New High,"Hello, and welcome to the inaugural edition of The Daily Upside’s Midday Market Brief. The idea here is simple: a quick but comprehensive snapshot of the day’s market somewhere close to the halfway point of the trading session. We don’t quite have a motto yet…",https://biztoc.com/x/b9445706522b211c,https://c.biztoc.com/p/b9445706522b211c/s.webp,2024-05-28T17:00:06Z,"Hello, and welcome to the inaugural edition of The Daily Upsides Midday Market Brief.The idea here is simple: a quick but comprehensive snapshot of the days market somewhere close to the halfway poin… [+296 chars]"
washingtonpost.com,Apple and Microsoft want you to notice how their AI works. But why?,"Technology has wormed its way into your life partly because you don’t have to think about how it works. You summon an Uber car, create a digital calendar appointment that family members can see, or order a blender that Target’s website shows is in stock. You …",https://biztoc.com/x/d7a43b9ceb02914f,https://c.biztoc.com/p/d7a43b9ceb02914f/s.webp,2024-05-28T16:46:30Z,"Technology has wormed its way into your life partly because you dont have to think about how it works.You summon an Uber car, create a digital calendar appointment that family members can see, or ord… [+206 chars]"
Shira Ovide,Apple and Microsoft use AI to sell complex tech. Ignore the gibberish.,Companies want you to care about the distinction between “on device” and cloud artificial intelligence. You just want technology to work.,https://www.washingtonpost.com/technology/2024/05/24/apple-microsoft-ai-products-events/,https://www.washingtonpost.com/wp-apps/imrs.php?src=https://arc-anglerfish-washpost-prod-washpost.s3.amazonaws.com/public/FNOVM6YKBVFG3OEN6ZYSHHW5FQ.jpg&w=1440,2024-05-28T16:39:47Z,"Technology has wormed its way into your life partly because you dont have to think about how it works.
You summon an Uber car, create a digital calendar appointment that family members can see, or o… [+150 chars]"
Kayode Omotosho,Why DraftKings (DKNG) Stock Is Down Today,Shares of fantasy sports and betting company DraftKings (NASDAQ:DKNG) fell 13% in the afternoon session as betting stocks took a hit after the Illinois State...,https://finance.yahoo.com/news/why-draftkings-dkng-stock-down-163738187.html,https://s.yimg.com/ny/api/res/1.2/08Lh0Arhf65vSkTfpz3SyQ--/YXBwaWQ9aGlnaGxhbmRlcjt3PTEyMDA7aD02MDA-/https://media.zenfs.com/en/stockstory_922/1675ab1a394bdf01490b430c78dde20b,2024-05-28T16:37:38Z,"Why DraftKings (DKNG) Stock Is Down Today
What Happened:
Shares of fantasy sports and betting company DraftKings (NASDAQ:DKNG) fell 13% in the afternoon session as betting stocks took a hit after t… [+1526 chars]"
Quentyn Kennemer,The 10th-gen iPad drops to $300 for the first time,"The latest iPad is $50 off at Amazon, marking a new low. Samsung’s Galaxy Buds 2 and Apple’s leather AirTag Loops are also on sale.",https://www.theverge.com/2024/5/28/24166180/amazon-apple-ipad-samsung-galaxy-buds-2-deal-sale,https://cdn.vox-cdn.com/thumbor/o2eZ-UI17WzzB0FGKz23I7FMzUE=/0x0:2040x1360/1200x628/filters:focal(1020x680:1021x681)/cdn.vox-cdn.com/uploads/chorus_asset/file/24128002/226361_Apple_iPad_10.9_10th_gen_DSeifert_0001.jpg,2024-05-28T16:12:02Z,"The 10th-gen iPad drops to $300 for the first time
The 10th-gen iPad drops to $300 for the first time
 / Samsungs Galaxy Buds 2 and Apples discontinued leather AirTag Loops are also down to all-tim… [+2514 chars]"
Adrian Marlow,"Best Buy Memorial Day Finds on Apple, Samsung, Dyson and More Products You'll Enjoy - CNET","You won't want to miss the tail end of Best Buy's Memorial Day sale, which is still offering big discounts on TVs, phones, laptops and more.",https://www.cnet.com/deals/best-buy-memorial-day-sale-24-05-28/,https://www.cnet.com/a/img/resize/21da7ad046d56d55b757de6d02eb9510016e934a/hub/2024/05/24/71ec6be7-0e8d-49fe-af3e-5980a5405e66/samsung-oled-commerce-image.jpg?auto=webp&fit=crop&height=675&width=1200,2024-05-28T16:11:00Z,"Samsung/CNET
Memorial Day is the perfect time to find deals at major retailers like Amazon, Walmart and Best Buy, but if you missed out on the main event, there are still some lingering deals you ca… [+3035 chars]"
Stephen Warwick,The Twelve South HoverBar Duo is two brilliant iPad stands for the price of one,The Twelve South HoverBar Duo is back with a second iteration that's even better than the first.,https://www.imore.com/ipad/twelvesouth-hoverbar-duo-2-review,https://cdn.mos.cms.futurecdn.net/9a9FdFvvq3hjbdxjsbt36a-1200-80.jpg,2024-05-28T16:03:18Z,"We absolutely love Twelve South’s HoverBar Duo. It’s one of the best iPad stands on the market thanks to its excellent, flexible design, and its great build quality. Now, the HoverBar Duo is back in … [+4894 chars]"
Ryan Stevens,On theCUBE Pod: Nvidia’s new breakthrough and the latest in open source,"The computing industry is witnessing a future shift toward AI-powered, Arm-based PCs, marking a transition from traditional x86 architecture. There are ongoing battles in the middleware layer of technology, particularly involving open-source platforms. Expert…",https://siliconangle.com/2024/05/28/john-furrier-dave-vellante-nvidia-open-source-thecubepod/,https://d15shllkswkct0.cloudfront.net/wp-content/blogs.dir/1/files/2024/05/Dave-Vellante-and-John-Furrier-theCUBE-Podcast-24-May-2024.png,2024-05-28T15:56:41Z,"The computing industry is witnessing a future shift toward AI-powered, Arm-based PCs, marking a transition from traditional x86 architecture. There are ongoing battles in the middleware layer of tech… [+6655 chars]"
Jason R. Rich,Best barbecue grill deals of May 2024,"BBQ season is finally here. If you're shopping for a new grill this summer, now is a smart time to save some cash.",https://www.cbsnews.com/essentials/best-summer-barbecue-grill-deals/,https://assets1.cbsnewsstatic.com/hub/i/r/2024/04/23/887355ac-cdc2-4607-928d-ad660905a061/thumbnail/1200x630/423f8d6faa8852e0ccd382a0a47ce297/grill-deals-hero.jpg?v=83093a0dd27502f0a52cd68b1c5b8b6e,2024-05-28T15:55:31Z,"Kamado Joe
Now that Memorial Day weekend is in the books, summer is (unofficially) here. That means a few things: Longer days, warmer nights and -- of course -- BBQ grilling season.
This year, you … [+11648 chars]"
Justin Kahn,"Apple’s 256GB 13-inch M2 iPad Air hits all-time low, iPad 10th Gen now $300, Apple Watch Ultra 2 Alpine $714, more","While there are still a number of hangover Memorial Day Apple deals floating around in our massive roundup you’ll find right here, some new offers have popped up this morning as well. First up, we have a straight up $50 price drop on Apple’s new 13-inch M2 iP…",https://9to5mac.com/2024/05/28/m2-ipad-air-deals-apple-watch-ultra-2/,https://i0.wp.com/9to5mac.com/wp-content/uploads/sites/6/2024/05/m2-ipad-air-vs-ipad-10-displays.jpeg?resize=1200%2C628&quality=82&strip=all&ssl=1,2024-05-28T15:54:22Z,"While there are still a number of hangover Memorial Day Apple deals floating around in our massive roundup you’ll find right here, some new offers have popped up this morning as well. First up, we ha… [+3458 chars]"
Investing.com,"Midday movers: Nvidia, Apple and GameStop rise; Tesla, DraftKings fall","Midday movers: Nvidia, Apple and GameStop rise; Tesla, DraftKings fall",https://www.investing.com/news/stock-market-news/nvidia-apple-and-gamestop-rise-premarket-tesla-draftkings-fall-3458576,https://i-invdn-com.investing.com/news/moved_LYNXNPEK1L0CN_L.jpg,2024-05-28T15:45:05Z,"Investing.com -- U.S. stock futures edged higher Tuesday, starting the holiday-shortened week on a positive note ahead of the release of more key inflation data.Here are some of the biggest U.S. stoc… [+1665 chars]"
fool.com,"1 Unstoppable Stock That Could Join Nvidia, Microsoft, Apple, Amazon, Alphabet, and Meta in the $1 Trillion Club",This semiconductor stock is all set to grow rapidly in the coming years. The U.S. stock market has demonstrated remarkable resilience and growth over the past decade despite multiple economic challenges and geopolitical pressures. This environment has helped …,https://biztoc.com/x/fe4d8ca7b08c6123,https://c.biztoc.com/p/fe4d8ca7b08c6123/og.webp,2024-05-28T15:28:06Z,This semiconductor stock is all set to grow rapidly in the coming years.The U.S. stock market has demonstrated remarkable resilience and growth over the past decade despite multiple economic challeng… [+277 chars]
Steven Guglielmi,Who Will Survive a Shakeout in the Electric Vehicle Market?,"The edge goes to vertically integrated EV makers like Tesla and China’s BYD, along with legacy automakers and well-funded startups, according to Wharton’s John Paul MacDuffie.…Read More",https://knowledge.wharton.upenn.edu/article/who-will-survive-a-shakeout-in-the-electric-vehicle-market/,https://knowledge.wharton.upenn.edu/wp-content/uploads/2024/05/5.29.24-john-paul-macduffie-why-ev-startups-fail-GettyImages-1356150834-600x500.jpg,2024-05-28T15:23:20Z,"The ongoing deceleration in demand for electric vehicles is an early warning signal of a shakeout in the nascent industry, according to Wharton management professor John Paul MacDuffie, who is also d… [+6731 chars]"
finance.yahoo.com,Stock market today: Stocks mixed as focus turns to inflation data,"US stocks were mixed in early trading on Tuesday, with techs serving as a bright spot while Wall Street kicked off a holiday-shortened week by focusing on a coming inflation report watched closely by the Federal Reserve. The benchmark S&P 500 (^GSPC) hugged t…",https://biztoc.com/x/8be642138dd7f5de,https://c.biztoc.com/p/8be642138dd7f5de/og.webp,2024-05-28T15:12:14Z,"US stocks were mixed in early trading on Tuesday, with techs serving as a bright spot while Wall Street kicked off a holiday-shortened week by focusing on a coming inflation report watched closely by… [+299 chars]"
finance.yahoo.com,Stock market today: Stocks open mixed as focus turns to inflation data,"US stocks opened mixed on Tuesday, with techs serving as a bright spot while Wall Street kicked off a holiday-shortened week by focusing on a coming inflation report watched closely by the Federal Reserve. The benchmark S&P 500 (^GSPC) was up about 0.2%, whil…",https://biztoc.com/x/600f232cdbe6b976,https://c.biztoc.com/p/600f232cdbe6b976/og.webp,2024-05-28T14:44:10Z,"US stocks opened mixed on Tuesday, with techs serving as a bright spot while Wall Street kicked off a holiday-shortened week by focusing on a coming inflation report watched closely by the Federal Re… [+292 chars]"
aol.com,Stock market today: Nasdaq hits record ahead of new inflation data,"May 28, 2024 at 9:49 AM • None The Nasdaq hit a record in early trading on Tuesday while other indexes were mixed. • None Markets will also digest housing data and revised GDP numbers for the first quarter. Stocks were mixed on Tuesday with the Nasdaq hitting…",https://biztoc.com/x/aff405d53d1b307c,https://c.biztoc.com/p/aff405d53d1b307c/s.webp,2024-05-28T14:40:08Z,"May 28, 2024 at 9:49 AMNone The Nasdaq hit a record in early trading on Tuesday while other indexes were mixed.None Markets will also digest housing data and revised GDP numbers for the first quarter… [+292 chars]"
finance.yahoo.com,"1 Unstoppable Stock That Could Join Nvidia, Microsoft, Apple, Amazon, Alphabet, and Meta in the $1 Trillion Club","The U.S. stock market has demonstrated remarkable resilience and growth over the past decade despite multiple economic challenges and geopolitical pressures. This environment has helped pave the way for high-growth companies such as Nvidia, Apple, Amazon, Alp…",https://biztoc.com/x/c9b3ed1e38734a11,https://c.biztoc.com/p/c9b3ed1e38734a11/s.webp,2024-05-28T14:38:09Z,The U.S. stock market has demonstrated remarkable resilience and growth over the past decade despite multiple economic challenges and geopolitical pressures. This environment has helped pave the way … [+283 chars]
Oliver Haslam,Looking For A Ton Of Spare Batteries? Save 27% On This AA 32-Pack From Energizer Today,"Are you tired of constantly running out of battery power for your remotes, game controllers, and other devices? Now’s the perfect time to stock up on a trusted, reliable power source from a brand you know. Energizer AA Batteries are currently on sale with a h…",https://www.redmondpie.com/looking-for-a-ton-of-spare-batteries-save-27-on-this-aa-32-pack-from-energizer-today/,https://cdn.redmondpie.com/wp-content/uploads/2024/05/32-pack-batteries-1.jpeg,2024-05-28T14:29:16Z,"Are you tired of constantly running out of battery power for your remotes, game controllers, and other devices? Nows the perfect time to stock up on a trusted, reliable power source from a brand you … [+1359 chars]"
Aashna Gheewalla,"Memorial Day Sale at Home Depot: Last Chance To Get Low Prices Across Grills, Lawnmowers, Appliances and More - CNET","Memorial Day might be over but many of Home Depot's deals are still active, here's the best ones still worth getting.",https://www.cnet.com/deals/memorial-day-sale-at-home-depot-last-chance-to-get-low-prices-across-grills-lawnmowers-appliances-and-more/,https://www.cnet.com/a/img/resize/1ed19164e6745cdf29292a4f34138455e880d467/hub/2024/05/17/dcdcbf24-ab5f-426a-b96c-17db8d06b44e/home-depot-memorial-day.jpg?auto=webp&fit=crop&height=675&width=1200,2024-05-28T14:25:08Z,"Nexgrill/CNET
It's been a busy few days with Memorial Day ushering in lots of new deals and plenty of record-low prices. Thankfully, many of these offers are still live at Home Depot. So if you're p… [+3353 chars]"
finance.yahoo.com,Stock market today: Stocks open mixed as focus turns to inflation data,"US stocks opened mixed on Tuesday, with techs serving as a bright spot while Wall Street kicked off a holiday-shortened week by focusing on a coming inflation report watched closely by the Federal Reserve. The benchmark S&P 500 (^GSPC) was up about 0.2%, whil…",https://biztoc.com/x/e6eca5630cb87c72,https://c.biztoc.com/p/e6eca5630cb87c72/s.webp,2024-05-28T13:42:04Z,"US stocks opened mixed on Tuesday, with techs serving as a bright spot while Wall Street kicked off a holiday-shortened week by focusing on a coming inflation report watched closely by the Federal Re… [+298 chars]"
MacDailyNews,"How Generative AI can breathe new life into iPhones, Macs, iPads, Apple Watches, Apple TVs, HomePod, and more","Generative AI, a type of artificial intelligence that can create new data, like text, images, or videos. It works by learning the underlying…
The post How Generative AI can breathe new life into iPhones, Macs, iPads, Apple Watches, Apple TVs, HomePod, and mor…",https://macdailynews.com/2024/05/28/how-generative-ai-can-breathe-new-life-into-iphones-macs-ipads-apple-watches-apple-tvs-homepod-and-more/,https://149359564.v2.pressablecdn.com/wp-content/uploads/2024/05/240502_siri_icon.png,2024-05-28T13:33:49Z,"Generative AI, a type of artificial intelligence that can create new data, like text, images, or videos. It works by learning the underlying patterns of existing data and then using that knowledge to… [+2383 chars]"
